{
    "courses": [
        {
            "courseId": 1,
            "courseName": "course name 1"
        },
        {
            "courseId": 2,
            "courseName": "course name 2"
        },
        {
            "courseId": 3,
            "courseName": "course name 3"
        },
        {
            "courseId": 4,
            "courseName": "course name 4"
        }
    ],
    "course": {
        "courseName": "Raj Yoga 123",
        "startDate": "17-Nov-2020",
        "day": [
            {
                "dayId": 1,
                "dayName": "Day 1",
                "lecture": [
                    {
                        "sNo": "1",
                        "fromDayId": "2",
                        "toDayId": "4",
                        "lectureName": "Satsang",
                        "startTime": "03:58:00",
                        "endTime": "04:28:00",
                        "currentDate": "10-NOV-2020",
                        "videoIframeDynamicLink": null,
                        "liveIframeDynamicLink": "https://player.vimeo.com/video/469220771",
                        "dayIds": [
                            {
                                "dayId": 1
                            },
                            {
                                "dayId": 5
                            }
                        ]
                    },
                    {
                        "sNo": "2",
                        "fromDayId": "1",
                        "toDayId": "5",
                        "lectureName": "Yoganidra",
                        "startTime": "14:59:00",
                        "endTime": "15:29:00",
                        "currentDate": "10-NOV-2020",
                        "videoIframeDynamicLink": "https://player.vimeo.com/video/469220771",
                        "liveIframeDynamicLink": null,
                        "dayIds": [
                            {
                                "dayId": 2
                            },
                            {
                                "dayId": 4
                            }
                        ]
                    },
                    {
                        "sNo": "3",
                        "fromDayId": "3",
                        "toDayId": "5",
                        "lectureName": "Yoga asana",
                        "startTime": "22:10:00",
                        "endTime": "22:40:00",
                        "currentDate": "11-NOV-2020",
                        "videoIframeDynamicLink": null,
                        "liveIframeDynamicLink": null,
                        "dayIds": [
                            {
                                "dayId": 3
                            },
                            {
                                "dayId": 4
                            }
                        ]
                    }
                ]
            },
            {
                "dayId": 2,
                "dayName": "Day 2",
                "lecture": [
                    {
                        "sNo": "1",
                        "lectureName": "Satsang",
                        "startTime": "3 AM",
                        "endTime": "4 AM",
                        "currentDate": "11-NOV-2020",
                        "videoIframeDynamicLink": "g",
                        "liveIframeDynamicLink": "g"
                    },
                    {
                        "sNo": "2",
                        "lectureName": "Yoganidra",
                        "startTime": "4 AM",
                        "endTime": "5 AM",
                        "currentDate": "11-NOV-2020",
                        "videoIframeDynamicLink": null,
                        "liveIframeDynamicLink": null
                    },
                    {
                        "sNo": "3",
                        "lectureName": "Yoga asana",
                        "startTime": "5 AM",
                        "endTime": "6 AM",
                        "currentDate": "11-NOV-2020",
                        "videoIframeDynamicLink": null,
                        "liveIframeDynamicLink": null
                    }
                ]
            },
            {
                "dayId": 3,
                "dayName": "Day 3",
                "lecture": [
                    {
                        "sNo": "1",
                        "lectureName": "Satsang",
                        "startTime": "3 AM",
                        "endTime": "4 AM",
                        "currentDate": "11-NOV-2020",
                        "videoIframeDynamicLink": "g",
                        "liveIframeDynamicLink": "g"
                    },
                    {
                        "sNo": "2",
                        "lectureName": "Yoganidra",
                        "startTime": "4 AM",
                        "endTime": "5 AM",
                        "currentDate": "11-NOV-2020",
                        "videoIframeDynamicLink": null,
                        "liveIframeDynamicLink": null
                    },
                    {
                        "sNo": "3",
                        "lectureName": "Yoga asana",
                        "startTime": "5 AM",
                        "endTime": "6 AM",
                        "currentDate": "11-NOV-2020",
                        "videoIframeDynamicLink": null,
                        "liveIframeDynamicLink": null
                    }
                ]
            }
        ]
    }
}