[
    {
        "asanaName": "Asana",
        "list": [
            {
                "id": 1,
                "asan": "PM 1",
                "bookname": "APMB",
                "booklink": "https://www.google.com"
            },
            {
                "id": 2,
                "asan": "PM 2",
                "bookname": "APMB2",
                "booklink": "https://www.facebook.com"
            }
        ]
    },
    {
        "asanaName": "Pranayama",
        "list": [
            {
                "id": 1,
                "asan": "Nadi Shodhana",
                "bookname": "APMB",
                "booklink": "https://www.google.com"
            },
            {
                "id": 2,
                "asan": "Bhramari",
                "bookname": "APMB2",
                "booklink": "https://www.facebook.com"
            }
        ]
    }
]