{
    "status": "success",
    "courses": [
        {
            "courseId": 1,
            "courseName": "course name 1",
            "language": "Hindi"
        },
        {
            "courseId": 2,
            "courseName": "course name 2",
            "language": "English"
        },
        {
            "courseId": 3,
            "courseName": "course name 3",
            "language": "Hindi"
        },
        {
            "courseId": 4,
            "courseName": "course name 4",
            "language": "Hindi"
        }
    ]
}