{
    "lecture": [
        {
            "lectureId": "1",
            "lectureName": "Lecture 1"
        },
        {
            "lectureId": "2",
            "lectureName": "Lecture 2"
        },
        {
            "lectureId": "3",
            "lectureName": "Lecture 3"
        },
        {
            "lectureId": "4",
            "lectureName": "Lecture 4"
        },
        {
            "lectureId": "5",
            "lectureName": "Lecture 5"
        }
    ],
    "status": "success",
    "message": ""
}