{
    "status": "success",
    "days": [
        {
            "dayName": "Day1",
            "dayId": "1"
        },
        {
            "dayName": "Day2",
            "dayId": "2"
        },
        {
            "dayName": "Day3",
            "dayId": "3"
        },
        {
            "dayName": "Day4",
            "dayId": "4"
        },
        {
            "dayName": "Day5",
            "dayId": "5"
        },
        {
            "dayName": "Day6",
            "dayId": "6"
        },
        {
            "dayName": "Day7",
            "dayId": "7"
        },
        {
            "dayName": "Day8",
            "dayId": "8"
        },
        {
            "dayName": "Day9",
            "dayId": "9"
        },
        {
            "dayName": "Day10",
            "dayId": "10"
        }
    ]
}