{
    "days": [
        {
            "dayId": "1",
            "dayName": "day 1"
        },
        {
            "dayId": "2",
            "dayName": "day 2"
        },
        {
            "dayId": "3",
            "dayName": "day 3"
        },
        {
            "dayId": "4",
            "dayName": "day 4"
        },
        {
            "dayId": "5",
            "dayName": "day 5"
        },
        {
            "dayId": "6",
            "dayName": "day 6"
        }
    ],
    "status": "success",
    "message": ""
}